0,6质量也可以性价比很高面料厚实还算便宜长短合适不过挺百搭的薇娅推荐很值图案上都是毛毛腰偏宽松灰色很喜欢材质不错挺不错的也显瘦裤子很好深秋初冬够了很厚实非常舒服
1,非常满意图案设计可爱
2,群众歌曲是在群众中较易流传群众较喜爱的音乐作品是对生活的最普通最直接的反映是群众文化活动中影响最广泛的形式之一但是艺术歌曲是由诗歌与音乐结合而共同完成艺术表现任务的一种音乐体裁其名称因浪漫主义音乐大师舒伯特的作品而确立我和我的祖国非诗歌与音乐的结合
3,运动裤挺宽松的穿着还不错蓝精灵还挺可爱图案不是刺绣款是贴上去的那种其他一般吧发货快递也挺快的总体来说还是可以可以可以可以可以可以可以可以可以可以可以可以可以可以可以可以可以
4,纯棉的很舒服穿上轻松腰上无压迫感这个天不冷刚刚好还是运动服最舒适
5,挺好看的有活力打算冬天穿大衣穿颜色正好配我的大鹅羽绒服棒棒得
6,薇娅直播抢购给孩子买的单层但不薄宽松舒适后小腿上有个蓝精灵的图案挺别致的满意
7,质量好到了三十多岁才明白活在当下诚实的面对当下的心情不论腾起或者下坠接住自己不受伤有多重要想看的书就立马就看想吃的东西就马上尝尝想去的地方就周末就去想爱的人就坦荡表白不想见的人就及时止损无能为力的时候不要勉强自己就很好
8,直播间拼手速没抢到黑色意外发现灰色也很棒厚实保暖可爱的蓝精灵联名款大爱推荐
9,此用户没有填写评论
10,黑色沾毛可以理解但是洗了一次抽绳就已经起毛严重实在无语
11,质量很好发货快薇娅推荐大家放心购买
12,薇娅直播间买的蓝精灵款卖家说那款没货了换成了普通款也还不错质量是可以的就是老公瘦了穿上大了一点挺厚实的夏天不能穿
13,全棉毛圈款白色线条可以反光做工不错很划算
14,裤子感觉还不错图案也是小时候动画片的图案很喜欢穿起来感觉挺合身的
15,裤子版型很好很合身这个季节穿刚刚好是我喜欢的类型很满意
16,裤子挺舒适价格优惠值得购买请薇娅多来几次秒杀价手速节
17,裤子厚实质量好100棉孩子非常喜欢穿上舒服好看值得购买
18,裤子质量不错黑色洗过没有褪色这个季节穿厚度刚好
19,料子厚实屁股后面的口袋是缝住的不过有个口拿剪刀剪开就好了
20,挺百搭的一条裤子上身挺舒服的细节到位我16496可以参考一下衣服也是他家买的好看
21,裤子质量很好而且布料也很厚实现在天气转凉正好合适
22,6质量也可以性价比很高面料厚实还算便宜长短合适不过挺百搭的薇娅推荐很值图案上都是毛毛腰偏宽松灰色很喜欢材质不错挺不错的也显瘦裤子很好深秋初冬够了很厚实非常舒服
23,非常满意图案设计可爱
24,群众歌曲是在群众中较易流传群众较喜爱的音乐作品是对生活的最普通最直接的反映是群众文化活动中影响最广泛的形式之一但是艺术歌曲是由诗歌与音乐结合而共同完成艺术表现任务的一种音乐体裁其名称因浪漫主义音乐大师舒伯特的作品而确立我和我的祖国非诗歌与音乐的结合
25,运动裤挺宽松的穿着还不错蓝精灵还挺可爱图案不是刺绣款是贴上去的那种其他一般吧发货快递也挺快的总体来说还是可以可以可以可以可以可以可以可以可以可以可以可以可以可以可以可以可以
26,纯棉的很舒服穿上轻松腰上无压迫感这个天不冷刚刚好还是运动服最舒适
27,挺好看的有活力打算冬天穿大衣穿颜色正好配我的大鹅羽绒服棒棒得
28,薇娅直播抢购给孩子买的单层但不薄宽松舒适后小腿上有个蓝精灵的图案挺别致的满意
29,质量好到了三十多岁才明白活在当下诚实的面对当下的心情不论腾起或者下坠接住自己不受伤有多重要想看的书就立马就看想吃的东西就马上尝尝想去的地方就周末就去想爱的人就坦荡表白不想见的人就及时止损无能为力的时候不要勉强自己就很好
30,直播间拼手速没抢到黑色意外发现灰色也很棒厚实保暖可爱的蓝精灵联名款大爱推荐
31,此用户没有填写评论
32,黑色沾毛可以理解但是洗了一次抽绳就已经起毛严重实在无语
33,质量很好发货快薇娅推荐大家放心购买
34,薇娅直播间买的蓝精灵款卖家说那款没货了换成了普通款也还不错质量是可以的就是老公瘦了穿上大了一点挺厚实的夏天不能穿
35,全棉毛圈款白色线条可以反光做工不错很划算
36,裤子感觉还不错图案也是小时候动画片的图案很喜欢穿起来感觉挺合身的
37,裤子版型很好很合身这个季节穿刚刚好是我喜欢的类型很满意
38,裤子挺舒适价格优惠值得购买请薇娅多来几次秒杀价手速节
39,裤子厚实质量好100棉孩子非常喜欢穿上舒服好看值得购买
40,裤子质量不错黑色洗过没有褪色这个季节穿厚度刚好
41,料子厚实屁股后面的口袋是缝住的不过有个口拿剪刀剪开就好了
42,挺百搭的一条裤子上身挺舒服的细节到位我16496可以参考一下衣服也是他家买的好看
43,裤子质量很好而且布料也很厚实现在天气转凉正好合适
44,裤子质量不错面料摸着舒服柔软蓝精灵好看穿着炒帅好看又百搭
45,赞赞赞
46,很优惠也很舒适性价比非常高的
47,故意买的大码的刚好冬天可以在里面穿绒裤灯一照有亮条不用担心晚上出去别人看不见你尤其喜欢这个蓝精灵的图案洗了两次了暂时没起球没起膝盖是纯棉的爱了爱了
48,很舒适非常好优秀好好
49,收到裤子吊牌已经拆了散落在袋子里不知道是其他人退货还是出厂就这样本来裤子是要换尺寸的吊牌不完整也说不清楚将就穿吧
50,宝贝收到了材料很厚实冬天也可以穿手速节买的特实惠
51,性价比不错推荐因为本仙女很懒不想每个产品都写评价但是这个宝贝无论是质量还是外形都是本仙女喜欢的如果不喜欢本仙女就会很生气然后这就会成为本仙女喋喋不休的怨气自然也不会写下这个好评来自只爱购物不想写评语的仙女
52,质量很好哦特别厚实这个季节刚刚好
53,我是在薇娅直播间买的质量很好厚实后面还有可爱的小精灵棒棒哒
54,裤子质量很好很满意
55,质量太差才正常穿洗了几次就破了个洞找客服态度极差出厂后概不负责的意思亲们千万不要上当不要买
56,收到货以后这个吊牌就随意的扔在包装袋里还是散开的应该有一点掉毛图案上都是毛毛不过薇娅直播间抢的还算便宜
57,裤子相当不错这个天穿正好蓝精灵越看越喜欢重点表扬客服小乔耐心细致服务周到
58,夜晚的灯光下蓝精灵很耀眼
59,宝贝质量很好厚度也合适推荐尺码也很合身
60,给老公买的穿上合适他挺喜欢的
61,长短合适腰偏宽松裤子料很厚很亲肤性价比很高只是没有买到深色有点遗憾幸好儿子是瘦长身材穿浅色也好看
62,严重掉色客服态度还不好差差差非常差购物体验太差了
63,质量不好严重掉色客服态度不好
64,衣服质量是很好的尤其是在直播间特价买的性价比特别高就是大小不合适本来需要退回的然后同事觉得不错给了同事退回的话需要自己出运费下次如果有个退费险就好了
65,后面图案哟哦点丑希望做的更多大气点
66,款式很好看面料舒适这个价格买到真是超值了
67,蓝精灵的裤子真的挺个性可惜号没买对好遗憾裤子偏肥大家买的时候留意个别客服真的有点不友好还好最后解决了
68,直播间抢的买回来发现是男款给家人了不过款式和版型没得说面料也不像气球的料子挺好的
69,裤子很厚实现在正好可以穿
70,昨天收到今天立马就穿上这天气温度也是刚刚好质量也是很全棉的加厚非常舒服
71,175137斤刚好质量挺厚实的
72,弟弟说不错挺喜欢的他以为穿不了结果可以穿173体重115
73,料子很厚款式很好洗过有点退色价格实惠
74,裤子质量很好物流速度很快很满意有需要还会再来
75,很好看很满意也有亮点很可了爱了
76,质量很好哦穿着很舒服
77,这条裤子性价比太高了后悔没有在薇娅直播间多抢几条给婆婆买的她很喜欢带娃也有活力了
78,裤子质量很好手速姐抢到的主要是便宜质量也还可以运动时候穿不错
79,到货就迫不及待打开了洗过后有点发硬不影响品质穿起来依然好看
80,宝贝做工真的非常精细细节真的棒北方秋冬不适合南方还可以
81,到货很快到手发现质量太好了裤子相当厚重边上反光条很亮眼不错
82,上身不错
83,裤子蛮厚实的版型很好不是容易跨的卫裤性价比超高还想再来一条
84,黑色裤子太多了就买了一件灰色的裤子手感挺好挺厚的比普通单裤其实黑色的感觉会更好看一点
85,大小合适上身效果好价格也实惠
86,刚好运动会差一条运动裤手速节抢到了很划算
87,实物和描述一致裤子厚重奈斯
88,按体重买的结果大了好多好像抢的又不能换货裤子质量还是可以的也挺厚实适合秋冬穿但是自己真的穿不了所以又只能压箱底了
89,裤子很厚实质量挺好的还担心买大了收到穿上大小正合适有活动会回购
90,还不错质量也可以
91,面料很厚实适合现在的天气穿款型宽松休闲穿着舒服
92,宝贝挺好看的上身效果也不错搞活动时候买的挺划算
93,很厚实穿着舒服就是洗的时候掉了些毛毛的东西
94,还不错儿子穿上挺帅就是孩子爸爸觉得不好看
95,买多好多次了质量很好客服棒棒的都给你们点赞
96,质量太好了而且价格太美丽了很遗憾没抢到一件小码给自己穿跟着薇娅买买买绝对不会出错
97,质量不错直播间买的很划算好看
98,特别喜欢材质厚实舒服保暖
99,面料特别厚实绝对纯棉的
100,棉的膝盖那里很容易变形贴肉穿内里的缝线会磨腿但买的时候便宜只能说也还行
101,赶上做活动的时候买的这个价格一分钱一分货从外观看很美材质做工都不错感觉买值了还有物流超级快点赞
102,165120斤买的裤长刚好但腰围好大还好有腰带绳买小一码裤长肯定会短总体好评很厚实69元很值
103,手速节抢的质量很好现在十几度单穿正好孩子175穿着正好3也可以的
104,裤子还不错
105,直播买的大白天看不出锻炼好拍个肚子意外发现原来是荧光的啊哈哈哈哈好看
106,这个价格的裤子确实可以了也挺厚就是长度不够一米八的男生穿有点短还有就是裤子后边那个蓝精灵我实在是不到那个审美要不是便宜真心不会买蓝精灵太突兀了会有点土土的
107,洗了一次竟然缩水
108,也就那样吧裤子挺肥的不是瘦子穿着不好看是男裤女生穿一般蓝精灵估计洗几次就得掉了
109,手速节抢的真是大爱厚实好看更好穿
110,好穿质量也很好显瘦价格也实惠
111,薇娅直播间抢的看着还不错就是稍微有点儿硬洗几次不晓得会不会好一些就是蓝精灵这图案不晓得会不会开裂脱落不过69买这么条裤子联动款还是很香的束腿裤如果下面再稍稍收紧些版型再好点儿会更好看不过上腿效果还是不错的真适合这几天穿美滋滋
112,可爱的蓝精灵裤子面料厚实绝对的性价比值得回购
113,裤子很喜欢面料舒服166身高102斤买的码裤腰比较大拿去把裤腰改了一下穿着刚刚好
114,样式好看大小合适就是清洗掉毛严重
115,太好看了质量也很好直播间买的还想给自己买一条但尺码都太大了
116,给老公买的大小挺合适面料还行
117,质量超好就是不知道退不褪色送给弟弟的我都后悔没给自己买一条
118,裤子很好看材质厚实款式时尚大家快来买啊很好看推荐大家买快来买啊
119,质量很好物美价廉推荐购买
120,挺好的蓝精灵很可爱中厚内里是毛圈边缝反光标识
121,质量摸起来很不错穿着也挺舒服的
122,裤子质量很好很好看挺厚的看这不会起球
123,裤子很厚实性价比很高喜欢有优惠还会买
124,裤脚蓝精灵设计给黑色运动裤增添了几分活力气息面料也比较厚实适合现在的季节
125,超值厚实图案可爱
126,厚实图案不错有发光条
127,裤子很不错这个季节厚度刚好合适
128,很不错穿的很舒服
129,试穿了一下合适做工不错性价比很高
130,裤子质感很好穿起来感觉舒服大方
131,裤子还可以也还厚这个季节穿可以
132,大小合适质量也很好厚实
133,质量很好就不想退了毕竟手速抢到的男款还好拍的大可以送给弟弟穿
134,薇娅直播间买的大小合适穿着很舒服
135,非常满意薇娅直播间抢的物超所值159105正好后面的蓝精灵很可爱没抢到黑色是个遗憾
136,薇娅手速节69买的质量很好有一定的厚度超值
137,蛮喜欢的可以用满心欢喜形容超值的价格超好的质量还会回购的
138,这款卫裤面料棉的手感很好款式节约大方穿着舒服
139,给我老公买的他不喜欢便宜是便宜但是版型不好料子不够软只能说一分钱一分货
140,裤子收到了物流挺快的裤子挺好的薇娅直播间69买到太划算了质量又好又有颜值后悔没拍两件了
141,面料厚实宽松款好搭配蓝精灵超可爱
142,质量还可以面料厚实秋初冬穿适合不知道会不会褪色
143,裤子性价比很高虽然不加绒但是裤子很厚实
144,好看又划算的裤子
145,百分比纯棉大小正好穿着舒适现在穿正好赶上很喜欢
146,版型可以的灰色超级百搭小腿的图案是亮点180130宽松质感也不错接着入手新款
147,质量好很厚实满意满意
148,给老公买的面料很厚实穿起来很舒服客服小周服务态度很好
149,超喜欢厚实样子也好看不是那么古板有可爱的蓝精灵
150,薇娅手速节的宝贝果然聚划算这裤子真心好面料好款式也好正常应该一两百没问题赚到了
151,下方小腿膝盖布料拼接口处摩擦感单穿不舒服
152,裤子很好很厚实我老公200斤都能穿质量比想象中的好收到货之后还想给儿子买一条
153,超级喜欢便宜而且质量很好非常满意
154,特别厚实质量特别好
155,质量厚实适合秋冬
156,质量很好我老公很喜欢质感很好
157,裤子质量挺好的挺厚的但是后面的蓝精灵图案不是很喜欢整体很满意的
158,17375码比较合身比较宽松单穿合适套保暖合适
159,面料很厚实老公说上班穿很好
160,面料厚实款式也挺好看关键是是够便宜
161,这个橘子在薇娅直播间买的相当划算质感也很好赞
162,一定要相信薇娅能解决所有问题
163,没看清楚裤腿有个蓝精灵的图案太幼稚了说是可以退几十块钱还值得这么折腾吗
164,给老公买的裤子穿上很好看
165,虽然发货晚但是质量挺好的也厚实
166,厚实居家穿不错价格便宜
167,薇娅手速节抢的裤子质量真不错里面还薄绒款式也很酷老公穿很帅气呢价格真的优惠
168,厚实有反光条穿了一次也没发现起球喜欢
169,整体来说真的很不错性价比很高
170,这款裤子的手速节价格比双十一还要便宜很多哈
171,喜欢这条裤子很舒服基本不起球
172,还不错有点厚实等冷穿
173,客服小乔态度非常好裤子买了好几条特别舒服吗好穿性价比超高
174,裤子质量不错正面看着很左小腿处一串蓝精灵最后只能当家居服了
175,质量不错很好物流很快店家态度很好下次回购已推荐朋友
176,老爸穿起感觉有点好看嘞嘿嘿
177,挺厚实的经济实惠款
178,直播间拍的性价比高面料厚实
179,确认收货晚了裤子很好颜色很好看就是儿子穿浅色的有点显胖
180,裤子很厚实款式也很好看买给老公穿的
181,裤子好看潮范孩子喜欢
182,还行重点是便宜
183,不错的穿着刚好合适憨憨很喜欢
184,图案很好看面料也挺舒服的主要是很便宜
185,裤子很好适合秋冬穿灰色很喜欢这个价格物超所值啊
186,非常厚实很好看很可爱
187,裤子质量很好很值这个价钱不过还是更喜欢黑色
188,厚实有反光条穿了一次也没发现起球喜欢
189,整体来说真的很不错性价比很高
190,这款裤子的手速节价格比双十一还要便宜很多哈
191,喜欢这条裤子很舒服基本不起球
192,还不错有点厚实等冷穿
193,客服小乔态度非常好裤子买了好几条特别舒服吗好穿性价比超高
194,裤子质量不错正面看着很左小腿处一串蓝精灵最后只能当家居服了
195,质量不错很好物流很快店家态度很好下次回购已推荐朋友
196,老爸穿起感觉有点好看嘞嘿嘿
197,挺厚实的经济实惠款
198,直播间拍的性价比高面料厚实
199,确认收货晚了裤子很好颜色很好看就是儿子穿浅色的有点显胖
200,裤子很厚实款式也很好看买给老公穿的
201,裤子好看潮范孩子喜欢
202,还行重点是便宜
203,不错的穿着刚好合适憨憨很喜欢
204,图案很好看面料也挺舒服的主要是很便宜
205,裤子很好适合秋冬穿灰色很喜欢这个价格物超所值啊
206,非常厚实很好看很可爱
207,裤子质量很好很值这个价钱不过还是更喜欢黑色
208,衣服质量很好是喜欢的颜色关键物流也很快哦
209,好看划算
210,面料很厚穿起来很舒服
211,质量非常棒商场品质推荐购买
212,老公穿这还不错这天气刚刚好
213,直播间抢到的价格很划算面料挺厚实
214,直播间买的然后裤子缩水比较严重洗完直接变成九分裤
215,薇娅直播间抢物超所值这个价格买到加绒简直意想不到
216,东西比我想象中的还要完美十分给力值得入手
217,质量不错就是后面有个蓝精灵的图标看着男朋友穿就感觉有点幼稚
218,薇娅直播间买的怀孕穿着很合适呢
219,薄厚适中性价比还不错
220,很厚实的裤子穿起来很舒服
221,不错很厚实很有质感质量也很好
222,裤子很厚装饰图案也挺好看
223,拍大了不能换款式又肥又短但很厚实所以没退但也只能放着了腿上三个蓝精灵好幼稚
224,很好的卖家有需要会先来这里
225,挺好的穿上刚好
226,质量不错蛮厚的
227,直播间买的蓝精灵可爱的质量也不错
228,衣服质量很好是喜欢的颜色关键物流也很快哦
229,好看划算
230,面料很厚穿起来很舒服
231,质量非常棒商场品质推荐购买
232,老公穿这还不错这天气刚刚好
233,直播间抢到的价格很划算面料挺厚实
234,直播间买的然后裤子缩水比较严重洗完直接变成九分裤
235,薇娅直播间抢物超所值这个价格买到加绒简直意想不到
236,东西比我想象中的还要完美十分给力值得入手
237,质量不错就是后面有个蓝精灵的图标看着男朋友穿就感觉有点幼稚
238,薇娅直播间买的怀孕穿着很合适呢
239,薄厚适中性价比还不错
240,很厚实的裤子穿起来很舒服
241,不错很厚实很有质感质量也很好
242,裤子很厚装饰图案也挺好看
243,拍大了不能换款式又肥又短但很厚实所以没退但也只能放着了腿上三个蓝精灵好幼稚
244,很好的卖家有需要会先来这里
245,挺好的穿上刚好
246,质量不错蛮厚的
247,直播间买的蓝精灵可爱的质量也不错
248,很厚很有质感
249,不错有薄绒选大了点手速节价格质量很美丽
250,好看一直在他家买衣服这裤子比较厚实
251,腰部的材质很厚实太厚实了
252,有厚度好看
253,面料舒服长短合适印花漂亮
254,手速节抢到的这个价钱真的是巨直了好开心啊
255,质量好很厚实样子挺好看便宜实惠
256,挺不错的材质不错也很可爱穿上舒服
257,裤子很厚实图案设计的也很好看天冷降温了穿着刚刚好
258,尺码合适面料舒适
259,物美价廉质量棒棒的穿着舒服
260,挺好的这个价格算质量不错了孩子穿着合适很漂亮
261,裤子质量没得说挺好的
262,不错裤子蛮厚
263,厚薄适中非常适合这个季节穿
264,很厚很暖和很贴肤就是洗的时候略有掉色不影响穿着体验好评
265,薇娅推荐够实惠裤子质量不错
266,很好穿暖和好看百搭
267,裤子穿着很舒服老公很喜欢
268,很厚很有质感
269,不错有薄绒选大了点手速节价格质量很美丽
270,好看一直在他家买衣服这裤子比较厚实
271,腰部的材质很厚实太厚实了
272,有厚度好看
273,面料舒服长短合适印花漂亮
274,手速节抢到的这个价钱真的是巨直了好开心啊
275,质量好很厚实样子挺好看便宜实惠
276,挺不错的材质不错也很可爱穿上舒服
277,裤子很厚实图案设计的也很好看天冷降温了穿着刚刚好
278,尺码合适面料舒适
279,物美价廉质量棒棒的穿着舒服
280,挺好的这个价格算质量不错了孩子穿着合适很漂亮
281,裤子质量没得说挺好的
282,不错裤子蛮厚
283,厚薄适中非常适合这个季节穿
284,很厚很暖和很贴肤就是洗的时候略有掉色不影响穿着体验好评
285,薇娅推荐够实惠裤子质量不错
286,很好穿暖和好看百搭
287,裤子穿着很舒服老公很喜欢
288,非常好搭的裤子儿子很喜欢
289,裤子很厚实不错价格也很划算
290,质量超级好高克重真的超乎我的想象什么时候有活动还来买特别适合腿粗的男孩子
291,裤子比较宽松穿着舒服价格实惠
292,裤子质量非常好
293,裤子很好看版型很好赞一个适合回购
294,薇娅直播间买的质量非常好
295,第一次穿这种裤子意外显瘦不先小肚子和大粗腿屁股大是没办法的了
296,东西已经收到了给爸爸买的
297,很值啊侧面还有反光条晚上跑步挺显眼的大小也合适
298,183200穿着有一点肥质量非常好厚实
299,质量很好版型也很好
300,价格实惠质量不错厚度还行五星
301,直播间买的很便宜收到试穿也很好看不错不错质量很好
302,面料版型很喜欢
303,好穿显瘦穿着很舒服
304,的裤子质量很好料子很厚实正好适合这个季节穿
305,质量厚不错
306,裤子质量很满意
307,质量很好我很喜欢已经推荐给好多朋友了下次一定还会来
308,非常好搭的裤子儿子很喜欢
309,裤子很厚实不错价格也很划算
310,质量超级好高克重真的超乎我的想象什么时候有活动还来买特别适合腿粗的男孩子
311,裤子比较宽松穿着舒服价格实惠
312,裤子质量非常好
313,裤子很好看版型很好赞一个适合回购
314,薇娅直播间买的质量非常好
315,第一次穿这种裤子意外显瘦不先小肚子和大粗腿屁股大是没办法的了
316,东西已经收到了给爸爸买的
317,很值啊侧面还有反光条晚上跑步挺显眼的大小也合适
318,183200穿着有一点肥质量非常好厚实
319,质量很好版型也很好
320,价格实惠质量不错厚度还行五星
321,直播间买的很便宜收到试穿也很好看不错不错质量很好
322,面料版型很喜欢
323,好穿显瘦穿着很舒服
324,的裤子质量很好料子很厚实正好适合这个季节穿
325,质量厚不错
326,裤子质量很满意
327,质量很好我很喜欢已经推荐给好多朋友了下次一定还会来
328,很不错裤子很厚实内里都有包条
329,薇娅直播间买得没想到几十元的裤子质量真心好孩子试穿效果好
330,质量很好还有反光条可爱的蓝精灵图标超喜欢孩子非常喜欢
331,买大了不过质量很好
332,价格便宜质量也好
333,各方面都不好
334,还行厚度也刚刚好南方可以穿到11月份
335,蓝精灵真的丑拍的时候没看见裤腿那里无语
336,显瘦简约挺好看
337,衣服好看
338,很厚实就是偏大
339,有点厚实价格实惠看个人喜欢
340,裤子厚实和老公同时抢到无意间成情侣裤
341,售后很好
342,裤子质量挺好的就是男款的长短正好裤腰好肥
343,孩子很喜欢蓝精灵很美哈哈哈哈
344,裤子质量很好上身黑舒服这个价格值得
345,还不错挺厚实的孩子喜欢
346,舒服很厚尺码准确
347,质量不错就是太大了
348,很不错裤子很厚实内里都有包条
349,薇娅直播间买得没想到几十元的裤子质量真心好孩子试穿效果好
350,质量很好还有反光条可爱的蓝精灵图标超喜欢孩子非常喜欢
351,买大了不过质量很好
352,价格便宜质量也好
353,各方面都不好
354,还行厚度也刚刚好南方可以穿到11月份
355,蓝精灵真的丑拍的时候没看见裤腿那里无语
356,显瘦简约挺好看
357,衣服好看
358,很厚实就是偏大
359,有点厚实价格实惠看个人喜欢
360,裤子厚实和老公同时抢到无意间成情侣裤
361,售后很好
362,裤子质量挺好的就是男款的长短正好裤腰好肥
363,孩子很喜欢蓝精灵很美哈哈哈哈
364,裤子质量很好上身黑舒服这个价格值得
365,还不错挺厚实的孩子喜欢
366,舒服很厚尺码准确
367,质量不错就是太大了
368,有厚度质量不错性价比高
369,很好呀裤子质量超级好的会回购的
370,赞薇娅直播间拍的好穿又可爱的蓝精灵
371,直播间抢购的质量很好适合秋天穿
372,薇娅直播间抢到的质量很好呀满意
373,好评好看面料好
374,质量好棉的穿起来也很舒服唯一不好的就是黑色有点粘毛
375,很不错很舒服的裤子就是裤腰有些肥
376,面料很好老公穿着合适
377,直接播时买的质量不错价格优惠想要再买另一个颜色没有了
378,赢在便宜纯棉的不是太有型
379,质量很好大小刚刚合适
380,料子是厚穿着舒服很好
381,喜欢反光条
382,质量真好厚最点睛的就是蓝精灵了
383,个性特点面料厚实多优惠在购
384,在直播家抢到的质量不错很厚实
385,特别厚实太好了
386,款式洋气质量也特别好孩子很喜欢
387,布料挺扎实款式不错
388,有厚度质量不错性价比高
389,很好呀裤子质量超级好的会回购的
390,赞薇娅直播间拍的好穿又可爱的蓝精灵
391,直播间抢购的质量很好适合秋天穿
392,薇娅直播间抢到的质量很好呀满意
393,好评好看面料好
394,质量好棉的穿起来也很舒服唯一不好的就是黑色有点粘毛
395,很不错很舒服的裤子就是裤腰有些肥
396,面料很好老公穿着合适
397,直接播时买的质量不错价格优惠想要再买另一个颜色没有了
398,赢在便宜纯棉的不是太有型
399,质量很好大小刚刚合适
400,料子是厚穿着舒服很好
401,喜欢反光条
402,质量真好厚最点睛的就是蓝精灵了
403,个性特点面料厚实多优惠在购
404,在直播家抢到的质量不错很厚实
405,特别厚实太好了
406,款式洋气质量也特别好孩子很喜欢
407,布料挺扎实款式不错
408,很厚实买大了但也能穿后面的蓝精灵是亮点
409,布料很厚实穿起来好看
410,面料很厚实很多
411,纯棉的挺好
412,裤子质量不错物超所值快递速度很快
413,尺寸正好穿
414,非常厚实极力推荐真希望下次还有这样的活动
415,很不错的裤子虽然不是加绒的但厚度还是有的满意蓝精灵也很可爱做工也不错
416,合适舒服最喜欢蓝精灵
417,质量很好适合男生
418,裤子质量不错挺厚实的穿着舒服合身
419,裤子质量挺好的满意
420,适合上学孩子穿
421,裤子很好比较厚实
422,质量很好厚实上身酷酷的腰围可以裤腿有点短现在冷了穿不了了不知道春天会不会更短小孩最近长的比较快
423,微娅直播间买的很厚实作用不错
424,直播间里抢购的质量更是杠杠得上身效果也很不错
425,非常厚实秋冬穿正合适
426,裤子质量很好印花好看清晰
427,帮老公买的穿着挺不错的面料也舒服
428,很厚实买大了但也能穿后面的蓝精灵是亮点
429,布料很厚实穿起来好看
430,面料很厚实很多
431,纯棉的挺好
432,裤子质量不错物超所值快递速度很快
433,尺寸正好穿
434,非常厚实极力推荐真希望下次还有这样的活动
435,很不错的裤子虽然不是加绒的但厚度还是有的满意蓝精灵也很可爱做工也不错
436,合适舒服最喜欢蓝精灵
437,质量很好适合男生
438,裤子质量不错挺厚实的穿着舒服合身
439,裤子质量挺好的满意
440,适合上学孩子穿
441,裤子很好比较厚实
442,质量很好厚实上身酷酷的腰围可以裤腿有点短现在冷了穿不了了不知道春天会不会更短小孩最近长的比较快
443,微娅直播间买的很厚实作用不错
444,直播间里抢购的质量更是杠杠得上身效果也很不错
445,非常厚实秋冬穿正合适
446,裤子质量很好印花好看清晰
447,帮老公买的穿着挺不错的面料也舒服
448,裤子好好看试穿效果也很好面料很舒服
449,很厚实版型好
450,面料很好
451,质量蛮好的
452,质量很好这个价位太超值了
453,质量感人
454,好看舒服值得推荐
455,厚实手速节抢的超合适
456,厚实性价比高
457,看起来还不错包装的很仔细价格也非常公道
458,质量不错价格划算
459,抢到就是赚到灰色也很好看
460,老公很喜欢
461,质量
462,尺码大了
463,手速结抢得可真便宜好看
464,很不错这条裤子
465,质量不错以后还会来
466,挺好看的没等我穿就被同事给抢走了质量也挺好穿着也不显胖在薇娅直播间手速节抢到的
467,男士休闲裤女生穿的感觉有后兜不太舒服
468,裤子好好看试穿效果也很好面料很舒服
469,很厚实版型好
470,面料很好
471,质量蛮好的
472,质量很好这个价位太超值了
473,质量感人
474,好看舒服值得推荐
475,厚实手速节抢的超合适
476,厚实性价比高
477,看起来还不错包装的很仔细价格也非常公道
478,质量不错价格划算
479,抢到就是赚到灰色也很好看
480,老公很喜欢
481,质量
482,尺码大了
483,手速结抢得可真便宜好看
484,很不错这条裤子
485,质量不错以后还会来
486,挺好看的没等我穿就被同事给抢走了质量也挺好穿着也不显胖在薇娅直播间手速节抢到的
487,男士休闲裤女生穿的感觉有后兜不太舒服
488,给老公买的他喜欢不错
489,挺好的划算好评
490,质量很好很厚实推荐
491,偏厚一点的裤子手感不错
492,衣服可以
493,裤子非常好
494,裤子很厚实
495,裤子很厚实
496,裤子很好看
497,裤子非常好
498,裤子挺洋气的质量很好秋冬穿都可以
499,面料挺厚实的就是尺码选大了腰围太肥
500,衣服质量很好客服小柚很负责
501,裤子很厚实做工也很好穿着很舒服
502,裤子挺厚实穿着版型也不错后面蓝精灵很好看喜欢
503,薇娅直播间买的其实想要黑色的就这样吧
504,厚实好看不错
505,质量很好买了好几件这个牌子的都非常喜欢继续关注新款还会回购哦
506,很厚实穿着也很有型物美价廉
507,超级厚实好看
508,给老公买的他喜欢不错
509,挺好的划算好评
510,质量很好很厚实推荐
511,偏厚一点的裤子手感不错
512,衣服可以
513,裤子非常好
514,裤子很厚实
515,裤子很厚实
516,裤子很好看
517,裤子非常好
518,裤子挺洋气的质量很好秋冬穿都可以
519,面料挺厚实的就是尺码选大了腰围太肥
520,衣服质量很好客服小柚很负责
521,裤子很厚实做工也很好穿着很舒服
522,裤子挺厚实穿着版型也不错后面蓝精灵很好看喜欢
523,薇娅直播间买的其实想要黑色的就这样吧
524,厚实好看不错
525,质量很好买了好几件这个牌子的都非常喜欢继续关注新款还会回购哦
526,很厚实穿着也很有型物美价廉
527,超级厚实好看
528,挺厚实的直播间买的还算实惠
529,挺好的裤子
530,裤子舒服
531,很好的裤子
532,质量很好但是没想到是很厚
533,做工很好很厚实满意满意
534,薇娅推荐好看便宜
535,很舒服长度也刚好赞
536,买的有点大了质量很棒决定不换了直接送人然后再买
537,裤子很好看直播抢到很划算
538,质量厚实可以
539,厚实有弹性非常好
540,质量不错款式新颖有一定的厚度
541,厚质量很好很满意的一次购物
542,号有点大很肥建议拍小一点
543,厚度很好长度刚刚好质量不错
544,挺好价格便宜质量好
545,薇娅直播间买的便宜好物质量不错
546,感觉不错感谢薇娅哈哈哈
547,裤子很厚实纯棉的质量相当的好满意
548,挺厚实的直播间买的还算实惠
549,挺好的裤子
550,裤子舒服
551,很好的裤子
552,质量很好但是没想到是很厚
553,做工很好很厚实满意满意
554,薇娅推荐好看便宜
555,很舒服长度也刚好赞
556,买的有点大了质量很棒决定不换了直接送人然后再买
557,裤子很好看直播抢到很划算
558,质量厚实可以
559,厚实有弹性非常好
560,质量不错款式新颖有一定的厚度
561,厚质量很好很满意的一次购物
562,号有点大很肥建议拍小一点
563,厚度很好长度刚刚好质量不错
564,挺好价格便宜质量好
565,薇娅直播间买的便宜好物质量不错
566,感觉不错感谢薇娅哈哈哈
567,裤子很厚实纯棉的质量相当的好满意
568,裤子质量特别好真是物超所值呢
569,质量很好也很厚
570,裤子挺好的喜欢
571,非常好厚实有档次
572,裤子质量挺好的满意
573,裤裤质量不错很厚实适合初中生
574,面料柔软舒适是纯棉
575,裤子很厚实图案很可爱直播间买的超级划算
576,裤子挺厚实的还不错性价比又高
577,价格优惠款式面料都不错
578,赞非常棒
579,发货慢等的着急裤子很喜欢很喜欢后悔没多拍
580,给男朋友买的喜欢
581,料子很厚实裤脚蓝精灵的设计图案画龙点睛
582,款式不好看质量不错
583,质量很好大小合适
584,面料舒服的而且好看
585,很好看要买大一码质量不错
586,几十块买的很厚实微娅手速节抢的感觉超值
587,裤子质量很好哦很喜欢图案设计的不错
588,裤子质量特别好真是物超所值呢
589,质量很好也很厚
590,裤子挺好的喜欢
591,非常好厚实有档次
592,裤子质量挺好的满意
593,裤裤质量不错很厚实适合初中生
594,面料柔软舒适是纯棉
595,裤子很厚实图案很可爱直播间买的超级划算
596,裤子挺厚实的还不错性价比又高
597,价格优惠款式面料都不错
598,赞非常棒
599,发货慢等的着急裤子很喜欢很喜欢后悔没多拍
600,给男朋友买的喜欢
601,料子很厚实裤脚蓝精灵的设计图案画龙点睛
602,款式不好看质量不错
603,质量很好大小合适
604,面料舒服的而且好看
605,很好看要买大一码质量不错
606,几十块买的很厚实微娅手速节抢的感觉超值
607,裤子质量很好哦很喜欢图案设计的不错
608,料子很厚实非常好的一次购物
609,裤子厚实质量很好收到货很惊喜
610,质量不错物流速度发货很快好评
611,胖的人穿不好看
612,蓝精灵太可爱了颜色很正非常满意好评
613,直播抢的很划算舒服
614,质量很好厚实值得购买
615,还好就是太肥大了
616,很厚实有点显胖
617,直播间买的挺舒服的
618,薇娅直播间买宝贝超值面料厚实口袋挺深关键好看五星星好评
619,孩子很喜欢质量还不错
620,质量好穿着也舒服女孩子穿也好看客服小叶也很贴心
621,海运着来
622,裤子质量不错物美价廉
623,裤子质量很好真心不错
624,包装非常好很严实值这个价格
625,这也太好看了
626,薇娅直播间手速节抢的太划算了裤子够重够暖里面是毛圈的冬天穿够厚给个大小合适
627,尺码比较偏大和预期差不多
628,很好质量很好好看
629,料子很厚实非常好的一次购物
630,裤子厚实质量很好收到货很惊喜
631,质量不错物流速度发货很快好评
632,胖的人穿不好看
633,蓝精灵太可爱了颜色很正非常满意好评
634,直播抢的很划算舒服
635,质量很好厚实值得购买
636,还好就是太肥大了
637,很厚实有点显胖
638,直播间买的挺舒服的
639,薇娅直播间买宝贝超值面料厚实口袋挺深关键好看五星星好评
640,孩子很喜欢质量还不错
641,质量好穿着也舒服女孩子穿也好看客服小叶也很贴心
642,海运着来
643,裤子质量不错物美价廉
644,裤子质量很好真心不错
645,包装非常好很严实值这个价格
646,这也太好看了
647,薇娅直播间手速节抢的太划算了裤子够重够暖里面是毛圈的冬天穿够厚给个大小合适
648,尺码比较偏大和预期差不多
649,很好质量很好好看
650,
651,好看质量也好
652,非常好物有所值
653,这个裤子质量很好喜欢薇娅推荐的好评
654,挺厚实的性价比蛮高口袋内衬不是很喜欢很薄整体来说超值
655,这个穿了几次感觉挺舒服棉质的不错
656,薇娅直播间推荐的质量真的很好
657,厚实挺好的
658,厚实舒服
659,码太大给老娘穿了她很满意就是发货巨慢快递都不送货
660,薇娅直播间手速节69抢的感觉超值
661,柔软舒适加厚保暖裤子长度在脚踝以上能否做长一点
662,加厚保暖质感好
663,裤子很厚实大小合适满意
664,裤子挺好的直播间价格很实惠
665,衣服很厚实而且上身效果很好喜欢
666,码到手穿着挺好看的
667,裤子质量很好有一定厚度但是裤子腰部太宽松很显胯宽
668,这个价格在薇娅直播间买的也算是划算了
669,有点点显胖
670,超喜欢这款裤子可惜买大了
671,料子很厚实非常好的一次购物
672,裤子厚实质量很好收到货很惊喜
673,质量不错物流速度发货很快好评
674,胖的人穿不好看
675,蓝精灵太可爱了颜色很正非常满意好评
676,直播抢的很划算舒服
677,质量很好厚实值得购买
678,还好就是太肥大了
679,很厚实有点显胖
680,直播间买的挺舒服的
681,薇娅直播间买宝贝超值面料厚实口袋挺深关键好看五星星好评
682,孩子很喜欢质量还不错
683,质量好穿着也舒服女孩子穿也好看客服小叶也很贴心
684,海运着来
685,裤子质量不错物美价廉
686,裤子质量很好真心不错
687,包装非常好很严实值这个价格
688,这也太好看了
689,薇娅直播间手速节抢的太划算了裤子够重够暖里面是毛圈的冬天穿够厚给个大小合适
690,尺码比较偏大和预期差不多
691,很好质量很好好看
692,厚实价格优惠
693,在他家买的第二次衣服了非常不错
694,质量还可以蓝精灵真可爱
695,很厚实适合冬天这个价格也很划算
696,活动优惠
697,买大了想换号但是没货了有合适的联系我
698,手速节抢的很快就到了不错很喜欢快递真的是超快超快很便宜质量还行还没洗不知道退不褪色买给弟弟那个小胖胖的其二太过分是撒自助餐来啦哭唧唧哦哦男女冲冲冲某突然发长妈你不吃饭反推可能吧
699,质量非常好价格实惠非常喜欢
700,裤子很好舒适宽松
701,质量挺好的秒杀到的
702,价格挺便宜的裤子挺厚适合冬天穿就是裤腿稍微有点肥
703,还可以有点偏大
704,质量挺好的性价比高
705,质量不错值得购买
706,手速节抢到的超划算质量也很好
707,不错很厚实
708,超级可爱喜欢
709,版型不好一分钱一分货
710,质量挺好的就是拍大了
711,裤子超级好很喜欢发货也快真不错
712,
713,好看质量也好
714,非常好物有所值
715,这个裤子质量很好喜欢薇娅推荐的好评
716,挺厚实的性价比蛮高口袋内衬不是很喜欢很薄整体来说超值
717,这个穿了几次感觉挺舒服棉质的不错
718,薇娅直播间推荐的质量真的很好
719,厚实挺好的
720,厚实舒服
721,码太大给老娘穿了她很满意就是发货巨慢快递都不送货
722,薇娅直播间手速节69抢的感觉超值
723,柔软舒适加厚保暖裤子长度在脚踝以上能否做长一点
724,加厚保暖质感好
725,裤子很厚实大小合适满意
726,裤子挺好的直播间价格很实惠
727,衣服很厚实而且上身效果很好喜欢
728,码到手穿着挺好看的
729,裤子质量很好有一定厚度但是裤子腰部太宽松很显胯宽
730,这个价格在薇娅直播间买的也算是划算了
731,有点点显胖
732,超喜欢这款裤子可惜买大了
733,质量不错上身也很舒服
734,直播间给老公买的很便宜
735,太大了不适合小个子
736,质量非常好价格也美丽推荐
737,价格合适质量不错
738,质量很不错好评
739,质量很好薇娅卖的服装还是不错的
740,给男朋友反正挺好看的
741,质量不错可以购买相信薇娅
742,好穿舒服薇娅直播间手速节抢的稀饭稀饭
743,好看又便宜
744,商品质量款式和质量都挺好价钱很合适比超市便宜很多遇到活动买比较划算一分钱一分货物流速度也还可以总体来说挺满意
745,价格便宜没想到这么惊喜面料厚实版型好看
746,太长了版型不好
747,有点厚度宽松版不知道会不会掉色掉毛质量看着可以
748,哈哈棒棒哒
749,男款的裤子唯一的缺点就是裤头太大颜色和版型我是喜欢的170买码长度会比较合适些
750,裤子很好看联名款也很有设计感推荐码数也很合适
751,本来对他家这条裤子除了黏毛以外还比较满意才给的好评他家什么售后客服小豆服务绝了让你好评的时候秒回到说好给返现的时候一天半不理人他家不会买了
752,蛮不错的质量蛮好
753,质量很好穿着舒服
754,厚实价格优惠
755,在他家买的第二次衣服了非常不错
756,质量还可以蓝精灵真可爱
757,很厚实适合冬天这个价格也很划算
758,活动优惠
759,买大了想换号但是没货了有合适的联系我
760,手速节抢的很快就到了不错很喜欢快递真的是超快超快很便宜质量还行还没洗不知道退不褪色买给弟弟那个小胖胖的其二太过分是撒自助餐来啦哭唧唧哦哦男女冲冲冲某突然发长妈你不吃饭反推可能吧
761,质量非常好价格实惠非常喜欢
762,裤子很好舒适宽松
763,质量挺好的秒杀到的
764,价格挺便宜的裤子挺厚适合冬天穿就是裤腿稍微有点肥
765,还可以有点偏大
766,质量挺好的性价比高
767,质量不错值得购买
768,手速节抢到的超划算质量也很好
769,不错很厚实
770,超级可爱喜欢
771,版型不好一分钱一分货
772,质量挺好的就是拍大了
773,裤子超级好很喜欢发货也快真不错
774,给儿子买的69元太值了
775,好看舒服
776,很好穿着合适
777,裤子质量很好纯棉的而且是厚的很值得购买
778,裤子质量很好款式也好看不薄不厚刚刚好
779,宝贝物超所值很喜欢下次还会来的
780,非常好物美价廉超值没白等
781,裤子真的很好看料子很好是不加绒的但是比较厚适合秋冬蓝精灵图案很俏皮给裤子点睛
782,给娃囤着很可爱的裤子我很喜欢哈哈哈
783,春秋天的卫衣布料10度左右需要里面套一条秋裤了样子宽松穿上很舒服
784,质量很好孩子喜欢
785,很厚实做工不错
786,质量不错尺码比较大
787,性价比很高
788,质量不错厚实但是尺码感觉没想象中那么大还好能穿
789,还不错的裤子挺厚实的
790,手速节抢到的超值
791,挺好的软软的穿着也还可以
792,摸着厚实很好
793,非常好价格也美丽
794,质量不错上身也很舒服
795,直播间给老公买的很便宜
796,太大了不适合小个子
797,质量非常好价格也美丽推荐
798,价格合适质量不错
799,质量很不错好评
800,质量很好薇娅卖的服装还是不错的
801,给男朋友反正挺好看的
802,质量不错可以购买相信薇娅
803,好穿舒服薇娅直播间手速节抢的稀饭稀饭
804,好看又便宜
805,商品质量款式和质量都挺好价钱很合适比超市便宜很多遇到活动买比较划算一分钱一分货物流速度也还可以总体来说挺满意
806,价格便宜没想到这么惊喜面料厚实版型好看
807,太长了版型不好
808,有点厚度宽松版不知道会不会掉色掉毛质量看着可以
809,哈哈棒棒哒
810,男款的裤子唯一的缺点就是裤头太大颜色和版型我是喜欢的170买码长度会比较合适些
811,裤子很好看联名款也很有设计感推荐码数也很合适
812,本来对他家这条裤子除了黏毛以外还比较满意才给的好评他家什么售后客服小豆服务绝了让你好评的时候秒回到说好给返现的时候一天半不理人他家不会买了
813,蛮不错的质量蛮好
814,质量很好穿着舒服
815,非常漂亮可爱的蓝精灵买了两条一条黑色一条灰色黑色都穿了几天了灰色寄丢了商家又补发的了
816,价格实惠裤子质量不错样式好看
817,不错太卡通了点
818,质量还行吧
819,质量挺好的
820,质量太好了
821,很不错秒杀价很给力
822,裤子超好穿喜欢
823,裤子穿着舒服做工也不错没有多余的线头
824,超赞的卫裤闭眼入
825,薇娅直播间推荐购买包装完好无损裤子布料柔软舒适这几天天冷了得等着春天穿了
826,薇娅推荐质量很好推荐
827,裤子质量很不错挺厚实的就是后面的印花图案粘了好多的毛毛希望能洗的掉吧
828,做工质量都没话说孩子穿着舒适
829,裤子收到了质量还不赖的呢发货好快的呀包裹的也很严实挺好的物流速度也快呢蓝精灵很是可爱的呢
830,蓝精灵在裤腿的位置灰常可爱尺码很准面料舒适
831,很厚实深圳的冬天可以穿的
832,薇娅手速节抢到的69很合适
833,挺厚实的可能是男款吧比较长
834,很厚实价格划算物超所值
835,给儿子买的69元太值了
836,好看舒服
837,很好穿着合适
838,裤子质量很好纯棉的而且是厚的很值得购买
839,裤子质量很好款式也好看不薄不厚刚刚好
840,宝贝物超所值很喜欢下次还会来的
841,非常好物美价廉超值没白等
842,裤子真的很好看料子很好是不加绒的但是比较厚适合秋冬蓝精灵图案很俏皮给裤子点睛
843,给娃囤着很可爱的裤子我很喜欢哈哈哈
844,春秋天的卫衣布料10度左右需要里面套一条秋裤了样子宽松穿上很舒服
845,质量很好孩子喜欢
846,很厚实做工不错
847,质量不错尺码比较大
848,性价比很高
849,质量不错厚实但是尺码感觉没想象中那么大还好能穿
850,还不错的裤子挺厚实的
851,手速节抢到的超值
852,挺好的软软的穿着也还可以
853,摸着厚实很好
854,非常好价格也美丽
855,蓝精灵联名喜欢蓝精灵还可以
856,比较厚对于胖子来的福音意思是穿上去有点臃肿
857,质量很好178130合身
858,不错很划算
859,裤子挺厚实的
860,本来给我老公买的买小了质量挺好手速节抢到的挺不错的就是没注意后退部位有3个蓝精灵哈哈哈毕竟联名款但是我老公内心还是有点拒绝卡通的哈哈哈
861,挺厚实的手速节的时候买的挺值的
862,薇娅直播间入手的很厚实
863,从没想过这么实惠的价格能买到这么好的宝贝下次还来你家
864,质量杆杠棒好看合适穿着舒服
865,虽然没有绒但是很好很好价格还实惠薇娅直播真的杠杠滴
866,买大了但很好看照穿
867,挺好的快递送错地方又给送回来了
868,质量超好可爱的蓝精灵
869,很厚的裤子
870,属于厚实的面料做工不错里面包边
871,好穿百搭质量好
872,宝贝收到了样子虽然很好看但唯独不好的就是不能换尺码所以宝贝们在薇娅直播间买衣服一定要选择合适自己的尺码
873,做工非常好口袋里还放了防潮袋很贴心了
874,纯棉的腿不是太宽的款175高115重除了腰肥腿正好长度正好
875,非常漂亮可爱的蓝精灵买了两条一条黑色一条灰色黑色都穿了几天了灰色寄丢了商家又补发的了
876,价格实惠裤子质量不错样式好看
877,不错太卡通了点
878,质量还行吧
879,质量挺好的
880,质量太好了
881,很不错秒杀价很给力
882,裤子超好穿喜欢
883,裤子穿着舒服做工也不错没有多余的线头
884,超赞的卫裤闭眼入
885,薇娅直播间推荐购买包装完好无损裤子布料柔软舒适这几天天冷了得等着春天穿了
886,薇娅推荐质量很好推荐
887,裤子质量很不错挺厚实的就是后面的印花图案粘了好多的毛毛希望能洗的掉吧
888,做工质量都没话说孩子穿着舒适
889,裤子收到了质量还不赖的呢发货好快的呀包裹的也很严实挺好的物流速度也快呢蓝精灵很是可爱的呢
890,蓝精灵在裤腿的位置灰常可爱尺码很准面料舒适
891,很厚实深圳的冬天可以穿的
892,薇娅手速节抢到的69很合适
893,挺厚实的可能是男款吧比较长
894,很厚实价格划算物超所值
895,好划算而且面料厚实
896,挺好的蓝精灵也很好看
897,还不错显瘦的还挺厚实
898,特别好质量很好
899,具厚实质量没的说刚刚滴
900,大小合适比较厚实不是那种超薄的可以穿到冬天简单大方
901,质量好而且挺厚的最近穿刚好面料挺舒服的
902,包装完好裤子质量和款式都很不错适合秋冬季穿哦物美价廉
903,面料厚实做工精细穿着舒适非常满意
904,真不错这么性价比很高质量也很好最主要的是码够大喜欢要是有加厚款的就更棒了薇娅推荐的还是很好的
905,棉质好性价比高
906,衣服质量很好比较厚实没有多余的线头
907,直播间抢的很优惠
908,薇娅直播室推荐的果断给老公下单大小合适款式休闲舒适很不错
909,非常好薇娅直播间买的物美价廉
910,好看厚实舒服码数偏小
911,质量版型薇娅带货品质性价比
912,挺好的换了尺码很宽松很宽松有点弹力挺满意的
913,还不错挺厚实的
914,蓝精灵的还不错
915,蓝精灵联名喜欢蓝精灵还可以
916,比较厚对于胖子来的福音意思是穿上去有点臃肿
917,质量很好178130合身
918,不错很划算
919,裤子挺厚实的
920,本来给我老公买的买小了质量挺好手速节抢到的挺不错的就是没注意后退部位有3个蓝精灵哈哈哈毕竟联名款但是我老公内心还是有点拒绝卡通的哈哈哈
921,挺厚实的手速节的时候买的挺值的
922,薇娅直播间入手的很厚实
923,从没想过这么实惠的价格能买到这么好的宝贝下次还来你家
924,质量杆杠棒好看合适穿着舒服
925,虽然没有绒但是很好很好价格还实惠薇娅直播真的杠杠滴
926,买大了但很好看照穿
927,挺好的快递送错地方又给送回来了
928,质量超好可爱的蓝精灵
929,很厚的裤子
930,属于厚实的面料做工不错里面包边
931,好穿百搭质量好
932,宝贝收到了样子虽然很好看但唯独不好的就是不能换尺码所以宝贝们在薇娅直播间买衣服一定要选择合适自己的尺码
933,做工非常好口袋里还放了防潮袋很贴心了
934,纯棉的腿不是太宽的款175高115重除了腰肥腿正好长度正好
935,又潮又好看穿着舒适价格实惠
936,裤子质量很好很厚实虽然不是加绒的但是冬天一条也能过冬了物超所值关键是价格还很实惠
937,料子很好也很厚实但是款式设计着实很显腿粗性价比还是不错的
938,挺厚的好看质量也不错
939,本来给自己买的结果一看是个男款
940,非常厚实物美价廉我170穿腰合适但就是短了点
941,刚刚好穿着质量也好版型也好蓝精灵真的爱了
942,很好看很厚实
943,有点花哨有点潮价格实惠划算得很不错不错
944,买给姐姐穿的裤子姐姐反馈说非常好希望还能蹲到直播间秒杀价
945,裤子今天收到料子摸着挺舒服的现在天气正好穿
946,从来没在薇娅直播间买过服饰第一次买质量无敌超级好以后服饰也会入手不可收拾
947,颜值高蓝精灵很可爱特别喜欢微娅直播间买的很划算强力推荐
948,很厚很不错
949,还可以吧哈哈哈
950,挺厚面料的裤子超值
951,真的很不错
952,特别好穿
953,便宜又好
954,质量非常好
955,好划算而且面料厚实
956,挺好的蓝精灵也很好看
957,还不错显瘦的还挺厚实
958,特别好质量很好
959,具厚实质量没的说刚刚滴
960,大小合适比较厚实不是那种超薄的可以穿到冬天简单大方
961,质量好而且挺厚的最近穿刚好面料挺舒服的
962,包装完好裤子质量和款式都很不错适合秋冬季穿哦物美价廉
963,面料厚实做工精细穿着舒适非常满意
964,真不错这么性价比很高质量也很好最主要的是码够大喜欢要是有加厚款的就更棒了薇娅推荐的还是很好的
965,棉质好性价比高
966,衣服质量很好比较厚实没有多余的线头
967,直播间抢的很优惠
968,薇娅直播室推荐的果断给老公下单大小合适款式休闲舒适很不错
969,非常好薇娅直播间买的物美价廉
970,好看厚实舒服码数偏小
971,质量版型薇娅带货品质性价比
972,挺好的换了尺码很宽松很宽松有点弹力挺满意的
973,还不错挺厚实的
974,蓝精灵的还不错
975,好划算而且面料厚实
976,挺好的蓝精灵也很好看
977,还不错显瘦的还挺厚实
978,特别好质量很好
979,具厚实质量没的说刚刚滴
980,大小合适比较厚实不是那种超薄的可以穿到冬天简单大方
981,质量好而且挺厚的最近穿刚好面料挺舒服的
982,包装完好裤子质量和款式都很不错适合秋冬季穿哦物美价廉
983,面料厚实做工精细穿着舒适非常满意
984,真不错这么性价比很高质量也很好最主要的是码够大喜欢要是有加厚款的就更棒了薇娅推荐的还是很好的
985,棉质好性价比高
986,衣服质量很好比较厚实没有多余的线头
987,直播间抢的很优惠
988,薇娅直播室推荐的果断给老公下单大小合适款式休闲舒适很不错
989,非常好薇娅直播间买的物美价廉
990,好看厚实舒服码数偏小
991,质量版型薇娅带货品质性价比
992,挺好的换了尺码很宽松很宽松有点弹力挺满意的
993,还不错挺厚实的
994,蓝精灵的还不错
995,又潮又好看穿着舒适价格实惠
996,裤子质量很好很厚实虽然不是加绒的但是冬天一条也能过冬了物超所值关键是价格还很实惠
997,料子很好也很厚实但是款式设计着实很显腿粗性价比还是不错的
998,挺厚的好看质量也不错
999,本来给自己买的结果一看是个男款
1000,非常厚实物美价廉我170穿腰合适但就是短了点
1001,刚刚好穿着质量也好版型也好蓝精灵真的爱了
1002,很好看很厚实
1003,有点花哨有点潮价格实惠划算得很不错不错
1004,买给姐姐穿的裤子姐姐反馈说非常好希望还能蹲到直播间秒杀价
1005,裤子今天收到料子摸着挺舒服的现在天气正好穿
1006,从来没在薇娅直播间买过服饰第一次买质量无敌超级好以后服饰也会入手不可收拾
1007,颜值高蓝精灵很可爱特别喜欢微娅直播间买的很划算强力推荐
1008,很厚很不错
1009,还可以吧哈哈哈
1010,挺厚面料的裤子超值
1011,真的很不错
1012,特别好穿
1013,便宜又好
1014,质量非常好
1015,挺好的就是黑色容易粘毛吸土
1016,质量确实好就是有点短了
1017,膝盖鼓包
1018,有点显胖
1019,秋天正好不冷不热
1020,买大了一码但质量挺好的
1021,太大了竟然还没有运费险难受所以干脆不退了
1022,175160斤应该就够了听推荐买的2有点大
1023,不给换货只能退我好不容易抢的还不能换闹着玩呢
1024,儿子说一般般
1025,裤腿有些短
1026,裤子很好就是拿快递收了5元快递费无语
1027,薇娅直播间买的买完就换图片了呵呵了清库存的吗
1028,其实买大了一码但是懒得换了
1029,性价比高就是拍大了一码联系客服不肯换小一码只好穿大裤子了
1030,尺码偏小
1031,买的有点大了感觉要买小一号的
1032,180个穿短没运费险留着凑合着穿吧
1033,裤子太短了
1034,买小了只退不换算了留着穿吧
1035,挺好的就是黑色容易粘毛吸土
1036,质量确实好就是有点短了
1037,膝盖鼓包
1038,有点显胖
1039,秋天正好不冷不热
1040,买大了一码但质量挺好的
1041,太大了竟然还没有运费险难受所以干脆不退了
1042,175160斤应该就够了听推荐买的2有点大
1043,不给换货只能退我好不容易抢的还不能换闹着玩呢
1044,儿子说一般般
1045,裤腿有些短
1046,裤子很好就是拿快递收了5元快递费无语
1047,薇娅直播间买的买完就换图片了呵呵了清库存的吗
1048,其实买大了一码但是懒得换了
1049,性价比高就是拍大了一码联系客服不肯换小一码只好穿大裤子了
1050,尺码偏小
1051,买的有点大了感觉要买小一号的
1052,180个穿短没运费险留着凑合着穿吧
1053,裤子太短了
1054,买小了只退不换算了留着穿吧
1055,166110女生穿有点大
1056,这个价格超值了
1057,看着不错还没有穿
1058,看着不错还没有穿
1059,还可以值这个价
1060,实在是太肥了
1061,稍微有点短
1062,买的码大了手速节买的
1063,薇娅
1064,物美价廉面料厚实家居刚刚好不错不错
1065,差评是给薇娅直播间售后服务
1066,好看的很
1067,很合身
1068,衣服是10月13号手速节秒杀抢到的不是预售是付款就发货的到16号还不发货然后说是质量问题我说质量问题为什么要直播间上架卖家说是发到最后才发现质量不过关并且没有通知买家只是拖着不发货一问就是尽快发后来说26号发然后找到薇娅直播间的客服客服说一两天专员回复接着就没有回复了三天再问就说没回复问卖家卖家说和直播间沟通了直播间客服就是说没有回复两边互相推诿在无数次的沟通以后卖家仓促发货果不其然到手的货就是有问题卖家说只退货不换货一边说了重新做的一边又说没有库存了不知道哪一句是真是假很失望质量不好态度不好服务不好
1069,自己看吧
1070,69元买不了吃亏买不了上当活动给力
1071,稍小了一码孩子光腿穿还是可以的
1072,很厚实这个价格很划算蓝精灵也很可爱
1073,发货特别快面料特别舒服透气性伤买了2条客服态度非常好
1074,薇娅手速节买的只想说买少了
1075,服务态度好
1076,166110女生穿有点大
1077,这个价格超值了
1078,看着不错还没有穿
1079,看着不错还没有穿
1080,还可以值这个价
1081,实在是太肥了
1082,稍微有点短
1083,买的码大了手速节买的
1084,薇娅
1085,物美价廉面料厚实家居刚刚好不错不错
1086,差评是给薇娅直播间售后服务
1087,好看的很
1088,很合身
1089,衣服是10月13号手速节秒杀抢到的不是预售是付款就发货的到16号还不发货然后说是质量问题我说质量问题为什么要直播间上架卖家说是发到最后才发现质量不过关并且没有通知买家只是拖着不发货一问就是尽快发后来说26号发然后找到薇娅直播间的客服客服说一两天专员回复接着就没有回复了三天再问就说没回复问卖家卖家说和直播间沟通了直播间客服就是说没有回复两边互相推诿在无数次的沟通以后卖家仓促发货果不其然到手的货就是有问题卖家说只退货不换货一边说了重新做的一边又说没有库存了不知道哪一句是真是假很失望质量不好态度不好服务不好
1090,自己看吧
1091,69元买不了吃亏买不了上当活动给力
1092,稍小了一码孩子光腿穿还是可以的
1093,很厚实这个价格很划算蓝精灵也很可爱
1094,发货特别快面料特别舒服透气性伤买了2条客服态度非常好
1095,薇娅手速节买的只想说买少了
1096,服务态度好
1097,感谢薇娅手速节
1098,直播间入手非常好很显瘦而且质量很好
1099,看着不错厚实
1100,还没有穿期待效果图吧
1101,感觉好大
1102,很好男朋友很喜欢细节可可爱爱客服态度也不错
1103,后小腿上有个蓝精灵的图案发货快递也挺快的性价比很高大家放心购买单层但不薄其实黑色的感觉会更好看一点
1104,追评语性价比很高大家放心购买
1105,怎么说呢不像逾期那样不要踩雷慎重考虑
1106,质量可以薇娅直播间抢到69只能抢到码身高158体重100太大了太长了穿起来松垮垮的换不了就这样吧建议不要在薇娅直播间抢售后态度很一般裤子还是在线下买吧
1107,裤子真不错
1108,直播间推荐150斤结果小了一问卖家没有蓝精灵款了换不了只好勉强留下了
1109,挺好的合身
1110,比较厚实质量不错
1111,物流速度真的是没话说就是一个字快商品从外包装来看非常高档真是一分钱一分货贵有贵的道理物流速度真的是没话说就是一个字快商品从外包装来看非常高档真是一分钱一分货贵有贵的道理物流速度真的是没话说就是一个字快商品从外包装来看非常高档真是一分钱一分货贵有贵的道理
1112,薇娅直播间购买肯定绝对值得购买肯定绝对值得购买
1113,薇娅直播间买的可以可以可以可以可以可以
1114,衣服很赞很有质感码数也合适给老公买的他比较白喜欢穿浅色的舒适度高物流也给力
1115,裤子收到质量超好一起买了两条薇娅直播间手速买的超赞谢谢薇娅
1116,质量真的很好值卖100多都觉得值手感质量版型都好
1117,宝贝收到了卖家发货很快物流也非常给力客服服务态度极好很有耐心给人一种亲切感好喜欢还有包装精美高端大气上档次看得出来商家很用心宝贝真心不错与图片相符没有任何差异真的是物超所值物美价廉啊质量好下次还会再关顾快递很给力好评发货快性价比高给满分好评我买东西习惯默默拍下没有太大的问题是不会去询问客服当然如果产品有问题我是不会发表这条言论的在此希望店主越做越好回头客多多很不错的购物体验对比好多家最后选择了这家果然很安心客服也很负责很耐心的给了推荐即时回答问题很赞关键是东东很满意值得推荐还在犹豫的朋友们可以下手了
1118,感谢薇娅手速节
1119,直播间入手非常好很显瘦而且质量很好
1120,看着不错厚实
1121,还没有穿期待效果图吧
1122,感觉好大
1123,很好男朋友很喜欢细节可可爱爱客服态度也不错
1124,后小腿上有个蓝精灵的图案发货快递也挺快的性价比很高大家放心购买单层但不薄其实黑色的感觉会更好看一点
1125,追评语性价比很高大家放心购买
1126,怎么说呢不像逾期那样不要踩雷慎重考虑
1127,质量可以薇娅直播间抢到69只能抢到码身高158体重100太大了太长了穿起来松垮垮的换不了就这样吧建议不要在薇娅直播间抢售后态度很一般裤子还是在线下买吧
1128,裤子真不错
1129,直播间推荐150斤结果小了一问卖家没有蓝精灵款了换不了只好勉强留下了
1130,挺好的合身
1131,比较厚实质量不错
1132,物流速度真的是没话说就是一个字快商品从外包装来看非常高档真是一分钱一分货贵有贵的道理物流速度真的是没话说就是一个字快商品从外包装来看非常高档真是一分钱一分货贵有贵的道理物流速度真的是没话说就是一个字快商品从外包装来看非常高档真是一分钱一分货贵有贵的道理
1133,薇娅直播间购买肯定绝对值得购买肯定绝对值得购买
1134,薇娅直播间买的可以可以可以可以可以可以
1135,衣服很赞很有质感码数也合适给老公买的他比较白喜欢穿浅色的舒适度高物流也给力
1136,裤子收到质量超好一起买了两条薇娅直播间手速买的超赞谢谢薇娅
1137,质量真的很好值卖100多都觉得值手感质量版型都好
1138,宝贝收到了卖家发货很快物流也非常给力客服服务态度极好很有耐心给人一种亲切感好喜欢还有包装精美高端大气上档次看得出来商家很用心宝贝真心不错与图片相符没有任何差异真的是物超所值物美价廉啊质量好下次还会再关顾快递很给力好评发货快性价比高给满分好评我买东西习惯默默拍下没有太大的问题是不会去询问客服当然如果产品有问题我是不会发表这条言论的在此希望店主越做越好回头客多多很不错的购物体验对比好多家最后选择了这家果然很安心客服也很负责很耐心的给了推荐即时回答问题很赞关键是东东很满意值得推荐还在犹豫的朋友们可以下手了
1139,特别好看质量也很好薇娅直播间买的很惊喜质量这么好价格超值同事都说很好喜欢的姐妹们闭眼入
1140,衣服颜色质量做工都很好版型非常不错很修身款式大方时尚面料柔软舒服穿上美美的非常满意的一次购物值得推荐谢谢老板下次有自己喜欢的一定会回购的
1141,质量很好
1142,裤子超级划算很厚面料很舒服版型很好看价格实惠非常满意赞
1143,发货速度很快东西包装的很好价格优惠我很满意还会回购
1144,质量很好
1145,性价比高
1146,薇娅直播间推荐买的价格优惠很多这款联名款设计可爱布料是全棉的做工精细穿着柔软舒适厚度适中适合这个季节好评
1147,裤子质量很好挺暖和的性价比好颜色挺好看
1148,真的很喜欢完全超出期望值发货速度非常快包装非常仔细严实运送速度很快很满意的一次购物
1149,材质结实手感好很得劲物流也快性价比很高值得购买
1150,物美价廉
1151,便宜又实惠买了好多宝贝一如既往的好性价比非常高大品牌值得信赖
1152,宝贝挺厚实的料子挺舒服的140斤173高合身左小腿后面的蓝精灵超可爱儿子喜欢
1153,物超所值
1154,裤子很好
1155,选的黑色百搭色搭配不发愁主要是材质是棉质的版型舒适特别好真诚推荐
1156,面料可以直播间抢的质量很不错还挺厚实的尺码也合适
1157,衣服非常非常棒质量很好样子很好看很满意的一次购物美美哒
1158,好看极了
1159,质量很好
1160,特别好看质量也很好薇娅直播间买的很惊喜质量这么好价格超值同事都说很好喜欢的姐妹们闭眼入
1161,衣服颜色质量做工都很好版型非常不错很修身款式大方时尚面料柔软舒服穿上美美的非常满意的一次购物值得推荐谢谢老板下次有自己喜欢的一定会回购的
1162,质量很好
1163,裤子超级划算很厚面料很舒服版型很好看价格实惠非常满意赞
1164,发货速度很快东西包装的很好价格优惠我很满意还会回购
1165,质量很好
1166,性价比高
1167,薇娅直播间推荐买的价格优惠很多这款联名款设计可爱布料是全棉的做工精细穿着柔软舒适厚度适中适合这个季节好评
1168,裤子质量很好挺暖和的性价比好颜色挺好看
1169,真的很喜欢完全超出期望值发货速度非常快包装非常仔细严实运送速度很快很满意的一次购物
1170,材质结实手感好很得劲物流也快性价比很高值得购买
1171,物美价廉
1172,便宜又实惠买了好多宝贝一如既往的好性价比非常高大品牌值得信赖
1173,宝贝挺厚实的料子挺舒服的140斤173高合身左小腿后面的蓝精灵超可爱儿子喜欢
1174,物超所值
1175,裤子很好
1176,选的黑色百搭色搭配不发愁主要是材质是棉质的版型舒适特别好真诚推荐
1177,面料可以直播间抢的质量很不错还挺厚实的尺码也合适
1178,衣服非常非常棒质量很好样子很好看很满意的一次购物美美哒
1179,好看极了
1180,质量很好
1181,特别好看质量也很好薇娅直播间买的很惊喜质量这么好价格超值同事都说很好喜欢的姐妹们闭眼入
1182,衣服颜色质量做工都很好版型非常不错很修身款式大方时尚面料柔软舒服穿上美美的非常满意的一次购物值得推荐谢谢老板下次有自己喜欢的一定会回购的
1183,质量很好
1184,裤子超级划算很厚面料很舒服版型很好看价格实惠非常满意赞
1185,发货速度很快东西包装的很好价格优惠我很满意还会回购
1186,质量很好
1187,性价比高
1188,薇娅直播间推荐买的价格优惠很多这款联名款设计可爱布料是全棉的做工精细穿着柔软舒适厚度适中适合这个季节好评
1189,裤子质量很好挺暖和的性价比好颜色挺好看
1190,真的很喜欢完全超出期望值发货速度非常快包装非常仔细严实运送速度很快很满意的一次购物
1191,材质结实手感好很得劲物流也快性价比很高值得购买
1192,物美价廉
1193,便宜又实惠买了好多宝贝一如既往的好性价比非常高大品牌值得信赖
1194,宝贝挺厚实的料子挺舒服的140斤173高合身左小腿后面的蓝精灵超可爱儿子喜欢
1195,物超所值
1196,裤子很好
1197,选的黑色百搭色搭配不发愁主要是材质是棉质的版型舒适特别好真诚推荐
1198,面料可以直播间抢的质量很不错还挺厚实的尺码也合适
1199,衣服非常非常棒质量很好样子很好看很满意的一次购物美美哒
1200,好看极了
1201,质量很好
1202,特别好看质量也很好薇娅直播间买的很惊喜质量这么好价格超值同事都说很好喜欢的姐妹们闭眼入
1203,衣服颜色质量做工都很好版型非常不错很修身款式大方时尚面料柔软舒服穿上美美的非常满意的一次购物值得推荐谢谢老板下次有自己喜欢的一定会回购的
1204,质量很好
1205,裤子超级划算很厚面料很舒服版型很好看价格实惠非常满意赞
1206,发货速度很快东西包装的很好价格优惠我很满意还会回购
1207,质量很好
1208,性价比高
1209,薇娅直播间推荐买的价格优惠很多这款联名款设计可爱布料是全棉的做工精细穿着柔软舒适厚度适中适合这个季节好评
1210,裤子质量很好挺暖和的性价比好颜色挺好看
1211,真的很喜欢完全超出期望值发货速度非常快包装非常仔细严实运送速度很快很满意的一次购物
1212,材质结实手感好很得劲物流也快性价比很高值得购买
1213,物美价廉
1214,便宜又实惠买了好多宝贝一如既往的好性价比非常高大品牌值得信赖
1215,宝贝挺厚实的料子挺舒服的140斤173高合身左小腿后面的蓝精灵超可爱儿子喜欢
1216,物超所值
1217,裤子很好
1218,选的黑色百搭色搭配不发愁主要是材质是棉质的版型舒适特别好真诚推荐
1219,面料可以直播间抢的质量很不错还挺厚实的尺码也合适
1220,衣服非常非常棒质量很好样子很好看很满意的一次购物美美哒
1221,好看极了
1222,质量很好
1223,质量不错
1224,收到货后试了一下很不错质量很好值得拥有五星好评
1225,质量很好收到货第一时间打开看了很不错很满意
1226,佳琦直播间买的超级划算裤子质量很好很厚实版型好看我老公胖嘟嘟的穿上也好看
1227,真的超级喜欢非常支持质量非常好与卖家描述的完全一致非常满意真的很喜欢完全超出期望值发货速度非常快包装非常仔细严实物流公司服务态度很好运送速度很快很满意的一次购物
1228,好看给我买
1229,太惊喜了质量超级好细节超级精致薇娅直播间抢购男款但是我买的是小码正合身太完美了超值
1230,薇娅直播间买的价格实惠质量又好穿上很舒服大爱
1231,很厚实的裤子质量很好薇娅直播间购入价格优惠挺满意的尺码标准身高173体重135买的码正好
1232,质量还不错
1233,裤子穿上很舒服尺码也标准款式超好看面料厚实非常喜欢
1234,看直播买的质量挺不错的很厚实码数按平常穿的选购正好价格算起来还是比较实惠满意
1235,手速节抢的细节满分质量很好黑色的也好搭配客服推荐的尺码也正好172120宽松版型
1236,在薇娅直播间买的价格划算灰色好看这个天穿正合适
1237,不错厚实
1238,裤子质量太好了很厚实的棉料蓝精灵的图案也很好看薇娅手速节价格太划算了就是难抢呀
1239,质量挺好物流也很快赞正品买的放心价钱也公道满意
1240,还可以吧
1241,裤子质量很好很厚实
1242,质量超级好
1243,质量不错
1244,收到货后试了一下很不错质量很好值得拥有五星好评
1245,质量很好收到货第一时间打开看了很不错很满意
1246,佳琦直播间买的超级划算裤子质量很好很厚实版型好看我老公胖嘟嘟的穿上也好看
1247,真的超级喜欢非常支持质量非常好与卖家描述的完全一致非常满意真的很喜欢完全超出期望值发货速度非常快包装非常仔细严实物流公司服务态度很好运送速度很快很满意的一次购物
1248,好看给我买
1249,太惊喜了质量超级好细节超级精致薇娅直播间抢购男款但是我买的是小码正合身太完美了超值
1250,薇娅直播间买的价格实惠质量又好穿上很舒服大爱
1251,很厚实的裤子质量很好薇娅直播间购入价格优惠挺满意的尺码标准身高173体重135买的码正好
1252,质量还不错
1253,裤子穿上很舒服尺码也标准款式超好看面料厚实非常喜欢
1254,看直播买的质量挺不错的很厚实码数按平常穿的选购正好价格算起来还是比较实惠满意
1255,手速节抢的细节满分质量很好黑色的也好搭配客服推荐的尺码也正好172120宽松版型
1256,在薇娅直播间买的价格划算灰色好看这个天穿正合适
1257,不错厚实
1258,裤子质量太好了很厚实的棉料蓝精灵的图案也很好看薇娅手速节价格太划算了就是难抢呀
1259,质量挺好物流也很快赞正品买的放心价钱也公道满意
1260,还可以吧
1261,裤子质量很好很厚实
1262,质量超级好
1263,质量不错
1264,收到货后试了一下很不错质量很好值得拥有五星好评
1265,质量很好收到货第一时间打开看了很不错很满意
1266,佳琦直播间买的超级划算裤子质量很好很厚实版型好看我老公胖嘟嘟的穿上也好看
1267,真的超级喜欢非常支持质量非常好与卖家描述的完全一致非常满意真的很喜欢完全超出期望值发货速度非常快包装非常仔细严实物流公司服务态度很好运送速度很快很满意的一次购物
1268,好看给我买
1269,太惊喜了质量超级好细节超级精致薇娅直播间抢购男款但是我买的是小码正合身太完美了超值
1270,薇娅直播间买的价格实惠质量又好穿上很舒服大爱
1271,很厚实的裤子质量很好薇娅直播间购入价格优惠挺满意的尺码标准身高173体重135买的码正好
1272,质量还不错
1273,裤子穿上很舒服尺码也标准款式超好看面料厚实非常喜欢
1274,看直播买的质量挺不错的很厚实码数按平常穿的选购正好价格算起来还是比较实惠满意
1275,手速节抢的细节满分质量很好黑色的也好搭配客服推荐的尺码也正好172120宽松版型
1276,在薇娅直播间买的价格划算灰色好看这个天穿正合适
1277,不错厚实
1278,裤子质量太好了很厚实的棉料蓝精灵的图案也很好看薇娅手速节价格太划算了就是难抢呀
1279,质量挺好物流也很快赞正品买的放心价钱也公道满意
1280,还可以吧
1281,裤子质量很好很厚实
1282,质量超级好
1283,质量不错
1284,收到货后试了一下很不错质量很好值得拥有五星好评
1285,质量很好收到货第一时间打开看了很不错很满意
1286,佳琦直播间买的超级划算裤子质量很好很厚实版型好看我老公胖嘟嘟的穿上也好看
1287,真的超级喜欢非常支持质量非常好与卖家描述的完全一致非常满意真的很喜欢完全超出期望值发货速度非常快包装非常仔细严实物流公司服务态度很好运送速度很快很满意的一次购物
1288,好看给我买
1289,太惊喜了质量超级好细节超级精致薇娅直播间抢购男款但是我买的是小码正合身太完美了超值
1290,薇娅直播间买的价格实惠质量又好穿上很舒服大爱
1291,很厚实的裤子质量很好薇娅直播间购入价格优惠挺满意的尺码标准身高173体重135买的码正好
1292,质量还不错
1293,裤子穿上很舒服尺码也标准款式超好看面料厚实非常喜欢
1294,看直播买的质量挺不错的很厚实码数按平常穿的选购正好价格算起来还是比较实惠满意
1295,手速节抢的细节满分质量很好黑色的也好搭配客服推荐的尺码也正好172120宽松版型
1296,在薇娅直播间买的价格划算灰色好看这个天穿正合适
1297,不错厚实
1298,裤子质量太好了很厚实的棉料蓝精灵的图案也很好看薇娅手速节价格太划算了就是难抢呀
1299,质量挺好物流也很快赞正品买的放心价钱也公道满意
1300,还可以吧
1301,裤子质量很好很厚实
1302,质量超级好
1303,看起来还不错包装的很仔细价格也非常公道还会继续买买买宝贝收到啦实物真的好看价格非常实惠强烈推荐这款超级喜欢很满意的一次购物商家服务好发货神速物流也很给力宝贝收到后非常喜欢买得放心用得安心
1304,面料比较厚秋款做工挺好的宽松裤边是荧光条夜光的很好版型挺好的继续回购
1305,一直在这里买这个活动的时候价格很美丽发货速度贼快质量不错
1306,薇娅直播间买的69元很厚实质量不错性价比高
1307,非常喜欢
1308,裤子质量真心不错质量很好很厚实薇娅直播间买的这个价格买的真心划算哦本来想买两条的一下子就没了
1309,非常可爱裤子右腿后下方有个蓝精灵裤子质量也很好秋天穿正合适很舒服适合出去玩的时候穿
1310,质量非常好
1311,性价比超高质感很密质量很好满意
1312,裤子质量很好
1313,物美价廉物流给力值得回购质量很不错发货也很快
1314,宝贝收到了卖家发货很快物流也非常给力客服服务态度极好很有耐心给人一种亲切感好喜欢还有包装精美高端大气上档次看得出来商家很用心宝贝真心不错与图片相符没有任何差异真的是物超所值物美价廉啊质量很好下次还会再关顾快递很给力好评发货快性价比高给满分好评
1315,价格实惠质量杠杠的非常好的一次购物下次还来价格实惠质量杠杠的非常好的一次购物下次还来产品质量客服服务态度特别好很喜欢好评心仪已久果断下手用过之后感觉很不错是正品快递也很给力果然名副其实
1316,质量很好
1317,真的很喜欢完全超出期望值发货速度非常快包装非常仔细严实运送速度很快很满意的一次购物
1318,价格实惠
1319,质量很好
1320,质量还不错
1321,质量很好
1322,真的超级喜欢非常支持质量高完全符合期望值发货速度非常快包装非常仔细严实物流公司服务态度很好运送速度很快很满意的一次购物不错不错
1323,好看给我买
1324,东西收到很满意真的是超级好的卖家解答疑问不厌其烦细致认真关键是东西好而且货物发得超快包装仔细值得信赖
1325,质量超级好
1326,宝贝收到了颜色很好看质感也很好样子简单是我想要的下次还会再来
1327,搞活动买的外观和描述一致美观实用材质手感都不错好评
1328,直播间抢到两件裤子质量特别好尺码根据页面尺码信息选的尺码信息很准值得推荐以后卫裤就选这家了
1329,很好很厚实很结实做工精细质量很好没有味道值得购买应该多买几条
1330,直播间这秒杀价超值啊布料很厚实版型也挺好看177162斤2合适宽松效果很不错
1331,质量很好
1332,性价比高
1333,质量非常好
1334,质量不错
1335,裤子质量很好刚好合适很喜欢打算在买一件腿边上那个蓝精灵好可爱
1336,质量很好纯棉的也很厚还有夜光条颜色好看推荐购买
1337,太漂亮了样子好看质量不错还有蓝精灵图案值得购买
1338,宝贝收到一如既往的好包装很到位质量还不错很喜欢大品牌值得信赖
1339,宝贝收到后很满意外形颜色也很喜欢挑选好多家果然没看错希望把好物分享给大家
1340,质量不错
1341,物流快薇娅直播间抢的实惠好看质感很好开心
1342,手速节在直播间买的价格很划算收到货质量好赚到了
1343,好看给我买
1344,东西收到很满意真的是超级好的卖家解答疑问不厌其烦细致认真关键是东西好而且货物发得超快包装仔细值得信赖
1345,质量超级好
1346,宝贝收到了颜色很好看质感也很好样子简单是我想要的下次还会再来
1347,搞活动买的外观和描述一致美观实用材质手感都不错好评
1348,直播间抢到两件裤子质量特别好尺码根据页面尺码信息选的尺码信息很准值得推荐以后卫裤就选这家了
1349,很好很厚实很结实做工精细质量很好没有味道值得购买应该多买几条
1350,直播间这秒杀价超值啊布料很厚实版型也挺好看177162斤2合适宽松效果很不错
1351,质量很好
1352,性价比高
1353,质量非常好
1354,质量不错
1355,裤子质量很好刚好合适很喜欢打算在买一件腿边上那个蓝精灵好可爱
1356,质量很好纯棉的也很厚还有夜光条颜色好看推荐购买
1357,太漂亮了样子好看质量不错还有蓝精灵图案值得购买
1358,宝贝收到一如既往的好包装很到位质量还不错很喜欢大品牌值得信赖
1359,宝贝收到后很满意外形颜色也很喜欢挑选好多家果然没看错希望把好物分享给大家
1360,质量不错
1361,物流快薇娅直播间抢的实惠好看质感很好开心
1362,手速节在直播间买的价格很划算收到货质量好赚到了
1363,好看给我买
1364,东西收到很满意真的是超级好的卖家解答疑问不厌其烦细致认真关键是东西好而且货物发得超快包装仔细值得信赖
1365,质量超级好
1366,宝贝收到了颜色很好看质感也很好样子简单是我想要的下次还会再来
1367,搞活动买的外观和描述一致美观实用材质手感都不错好评
1368,直播间抢到两件裤子质量特别好尺码根据页面尺码信息选的尺码信息很准值得推荐以后卫裤就选这家了
1369,很好很厚实很结实做工精细质量很好没有味道值得购买应该多买几条
1370,直播间这秒杀价超值啊布料很厚实版型也挺好看177162斤2合适宽松效果很不错
1371,质量很好
1372,性价比高
1373,质量非常好
1374,质量不错
1375,裤子质量很好刚好合适很喜欢打算在买一件腿边上那个蓝精灵好可爱
1376,质量很好纯棉的也很厚还有夜光条颜色好看推荐购买
1377,太漂亮了样子好看质量不错还有蓝精灵图案值得购买
1378,宝贝收到一如既往的好包装很到位质量还不错很喜欢大品牌值得信赖
1379,宝贝收到后很满意外形颜色也很喜欢挑选好多家果然没看错希望把好物分享给大家
1380,质量不错
1381,物流快薇娅直播间抢的实惠好看质感很好开心
1382,手速节在直播间买的价格很划算收到货质量好赚到了
1383,好看给我买
1384,东西收到很满意真的是超级好的卖家解答疑问不厌其烦细致认真关键是东西好而且货物发得超快包装仔细值得信赖
1385,质量超级好
1386,宝贝收到了颜色很好看质感也很好样子简单是我想要的下次还会再来
1387,搞活动买的外观和描述一致美观实用材质手感都不错好评
1388,直播间抢到两件裤子质量特别好尺码根据页面尺码信息选的尺码信息很准值得推荐以后卫裤就选这家了
1389,很好很厚实很结实做工精细质量很好没有味道值得购买应该多买几条
1390,直播间这秒杀价超值啊布料很厚实版型也挺好看177162斤2合适宽松效果很不错
1391,质量很好
1392,性价比高
1393,质量非常好
1394,质量不错
1395,裤子质量很好刚好合适很喜欢打算在买一件腿边上那个蓝精灵好可爱
1396,质量很好纯棉的也很厚还有夜光条颜色好看推荐购买
1397,太漂亮了样子好看质量不错还有蓝精灵图案值得购买
1398,宝贝收到一如既往的好包装很到位质量还不错很喜欢大品牌值得信赖
1399,宝贝收到后很满意外形颜色也很喜欢挑选好多家果然没看错希望把好物分享给大家
1400,质量不错
1401,物流快薇娅直播间抢的实惠好看质感很好开心
1402,手速节在直播间买的价格很划算收到货质量好赚到了
