质量好,372
裤子,165
不错,155
厚实,150
好看,88
直播,85
喜欢,85
薇娅,70
舒服,66
可以,66
价格,65
精灵,58
蓝,57
面料,50
合适,48
大,43
满意,43
太,40
看,37
这个,37
推荐,36
没,36
物流快,35
到,33
划算,32
可爱,32
节,30
高,30
条,29
价,29
便宜,29
实惠,28
图案,26
说,25
上,24
老,24
都,24
次,23
适合,23
值得,23
码,23
收到,23
比较,23
发货,23
手,22
款式,22
宝贝,22
快,22
性,21
货,21
速,20
服,20
特别,20
好评,20
舒适,19
购买,19
真的,19
正好,19
物流,19
型,18
宽松,18
没有,18
有点,18
超级,18
小,18
真,17
又,17
感觉,17
棉,17
做工,16
想,16
孩子,16
态度,16
超值,16
吧,16
黑色,16
毛,16
速度,16
这,15
手速,15
衣服,15
时候,15
能,15
洗,14
版,14
公,14
刚刚,14
大小,14
要,14
客,14
厚,14
厚度,14
物美价廉,13
优惠,13
很厚,13
赞,13
起来,13
购物,13
超,13
包装,13
掉毛,13
卖家,12
料子,12
下次,12
不好,12
几,11
质感,11
尺,11
给力,11
快递,11
颜色,11
服务,11
自己,11
纯,11
物,11
超所值,11
活动,11
刚好,11
但,11
69,10
再,10
腿,10
而且,10
公买,10
得,10
短,10
多,10
合身,10
后面,10
效果,9
款,9
腰,9
在薇,9
灰色,9
棒,9
啊,9
人,9
和,9
裤,9
购,9
冬天,9
还有,9
哦,9
材质,9
季节,9
搭,9
更,8
过,8
儿子,8
换,8
